{
    "shapes": [
      {
        "name": "Cube",
        "points": [
          [1, 1, 1],
          [3, 1, 1],
          [3, 3, 1],
          [1, 3, 1],
          [1, 1, 3],
          [3, 1, 3],
          [3, 3, 3],
          [1, 3, 3]
        ],
        "edges": [
          [0, 1],
          [1, 2],
          [2, 3],
          [3, 0],
          [4, 5],
          [5, 6],
          [6, 7],
          [7, 4],
          [0, 4],
          [1, 5],
          [2, 6],
          [3, 7]
        ],
        "color": {
          "r": 0.3,
          "g": 0.1,
          "b": 0.6
        },
        "is_target": true
      },
      {
        "name": "Pyramid",
        "points": [
          [-2, -1, 0],
          [-1, -1, 0],
          [-1, 1, 0],
          [-2, 1, 0],
          [-1.5, 0, 2]
        ],
        "edges": [
          [0, 1],
          [1, 2],
          [2, 3],
          [3, 0],
          [0, 4],
          [1, 4],
          [2, 4],
          [3, 4]
        ],
        "color": {
          "r": 0.0,
          "g": 0.3,
          "b": 0.3
        }
      },
      {
        "points": [
            [-5.0, -5.0, -2.0],
            [5.0, -5.0, -2.0],
            [5.0, 5.0, -2.0],
            [-5.0, 5.0, -2.0]
        ],
        "edges": [
            [0, 1],
            [1, 2],
            [2, 3],
            [3, 0]
        ],
        "color": {
            "r": 0.5,
            "g": 0.5,
            "b": 0.5
        },
        "is_target": false
    }
    ],
    "settings": {
      "pixels_per_unit": 100.0,
      "background_color": [30, 30, 30],
      "origin_color": [255, 0, 0],
      "user_color": [255, 192, 0],
      "default_shape_color": [100, 200, 255]
    }
  }
  