{
    "shapes": [
      {
        "name": "Cube 1",
        "points": [
          [1, 1, 0],
          [4, 1, 0],
          [4, 4, 0],
          [1, 4, 0],
          [1, 1, 2],
          [3, 1, 2],
          [3, 3, 2],
          [1, 3, 2]
        ],
        "edges": [
          [0, 1],
          [1, 2],
          [2, 3],
          [3, 0],
          [4, 5],
          [5, 6],
          [6, 7],
          [7, 4],
          [0, 4],
          [1, 5],
          [2, 6],
          [3, 7]
        ],
        "color": {
          "r": 0.6,
          "g": 0.6,
          "b": 0.3
        }
      },
      {
        "name": "Cube 2",
        "points": [
          [1, 2, 4.1],
          [4, 2, 4.1],
          [4, 4, 4.1],
          [1, 4, 4.1],
          [1, 2, 7.1],
          [2, 2, 7.1],
          [4, 3, 7.1],
          [4, 3, 7.1]
        ],
        "edges": [
          [0, 1],
          [1, 2],
          [2, 3],
          [3, 0],
          [4, 5],
          [5, 6],
          [6, 7],
          [7, 4],
          [0, 4],
          [1, 5],
          [2, 6],
          [3, 7]
        ],
        "color": {
          "r": 0.3,
          "g": 0.6,
          "b": 0.3
        },
        "is_target": false
      },
      {
        "name": "Cube 3",
        "points": [
          [1, -1, 5],
          [4, -1, 5],
          [4, -3, 5],
          [1, -2, 5],
          [1, -2, 8],
          [2, -2, 8],
          [4, -2, 8],
          [4, -2, 8]
        ],
        "edges": [
          [0, 1],
          [1, 2],
          [2, 3],
          [3, 0],
          [4, 5],
          [5, 6],
          [6, 7],
          [7, 4],
          [0, 4],
          [1, 5],
          [2, 6],
          [3, 7]
        ],
        "color": {
          "r": 0.3,
          "g": 0.1,
          "b": 0.6
        },
        "is_target": true
      },

      {
        "points": [
            [-4.0, -4.0, -2.0],
            [4.0, -4.0, -2.0],
            [4.0, 4.0, -2.0],
            [-4.0, 4.0, -2.0]
        ],
        "edges": [
            [0, 1],
            [1, 2],
            [2, 3],
            [3, 0]
        ],
        "color": {
            "r": 0.5,
            "g": 0.5,
            "b": 0.5
        }
    }
    ],
    "enemies": [
        {
            "position": [0.0, -5.0, 3.0],
            "size": 0.5,
            "speed": 0.01
        }
    ],
    "settings": {
      "pixels_per_unit": 100.0,
      "background_color": [30, 30, 30],
      "origin_color": [255, 0, 0],
      "user_color": [255, 192, 0],
      "default_shape_color": [100, 200, 255]
    }
  }
  