{
    "shapes": [
        {
            "name": "StartPlatform",
            "points": [
                [-2, -2, -0.5], [2, -2, -0.5], [2, 2, -0.5], [-2, 2, -0.5],
                [-1.5, -1.5, -1], [1.5, -1.5, -1], [1.5, 1.5, -1], [-1.5, 1.5, -1],
                [-1, -1, -2], [1, -1, -2], [1, 1, -2], [-1, 1, -2]
            ],
            "edges": [
                [0,1], [1,2], [2,3], [3,0],
                [4,5], [5,6], [6,7], [7,4],
                [8,9], [9,10], [10,11], [11,8],
                [0,4], [4,8], [1,5], [5,9],
                [2,6], [6,10], [3,7], [7,11]
            ],
            "color": {"r": 0.4, "g": 0.4, "b": 0.6}
        },
        {
            "name": "FloatingHexagon1",
            "points": [
                [5, -2, 1], [5, -2, 1], [5.5, -1, 1], [5, 0, 1],
                [5, 0, 1], [3.5, -1, 1],
                [4, -2, 0], [5, -2, 0], [5.5, -1, 0], [5, 0, 0],
                [4, 0, 0], [3.5, -1, 0]
            ],
            "edges": [
                [0,1], [1,2], [2,3], [3,4], [4,5], [5,0],
                [6,7], [7,8], [8,9], [9,10], [10,11], [11,6],
                [0,6], [1,7], [2,8], [3,9], [4,10], [5,11]
            ],
            "color": {"r": 0.7, "g": 0.3, "b": 0.3}
        },

        {
            "name": "Target",
            "points": [
                [9, -6, 1], [10, -6, 1], [10, -4, 1], [9, -4, 1],
                [9, -6, 1.8], [10, -6, 1.8], [10, -4, 1.8], [9, -4, 1.8]
            ],
            "edges": [
                [0,1], [1,2], [2,3], [3,0],
                [4,5], [5,6], [6,7], [7,4],
                [0,4], [1,5], [2,6], [3,7]
            ],
            "color": {"r": 0.3, "g": 0.1, "b": 0.6},
            "is_target": true
        },
        {
            "name": "Cube 3",
            "points": [
              [2, -1, 3],
              [5, -1, 3],
              [5, -3, 3],
              [2, -2, 3],
              [2, -2, 6],
              [3, -2, 6],
              [5, -2, 6],
              [5, -2, 6]
            ],
            "edges": [
              [0, 1],
              [1, 2],
              [2, 3],
              [3, 0],
              [4, 5],
              [5, 6],
              [6, 7],
              [7, 4],
              [0, 4],
              [1, 5],
              [2, 6],
              [3, 7]
            ],
            "color": {"r": 0.1, "g": 0.7, "b": 0.2},
            "is_target": false
          },
          {
            "name": "Wall",
            "points": [
                [7, -5.5, 1], [7.5, -5.5, 1], [7.5, -2.5, 1], [7, -2.5, 1],
                [7, -5.5, 8], [7.5, -5.5, 8], [7.5, -2.5, 8], [7, -2.5, 8]
            ],
            "edges": [
                [0,1], [1,2], [2,3], [3,0],
                [4,5], [5,6], [6,7], [7,4],
                [0,4], [1,5], [2,6], [3,7]
            ],
            "color": {
                "r": 0.5,
                "g": 0.5,
                "b": 0.5
            }
        }
    ],
    "enemies": [
            {
                "position": [-5.0, 5.0, 0.0],
                "size": 0.5,
                "speed": 0.015
            },
            {
                "position": [0.0, 8.0, 0.0],
                "size": 0.5,
                "speed": 0.005
            }
        ],
    "settings": {
        "pixels_per_unit": 100.0,
        "background_color": [30, 30, 30],
        "origin_color": [255, 0, 0],
        "user_color": [255, 192, 0],
        "default_shape_color": [100, 200, 255],
        "points_decrease_rate": 5.0
    }
}