{
    "shapes": [
          {
            "name": "Wall1",
            "points": [
                [-1, -1.5, -1], [-1.5, -1.5, -1], [-1.5, 2.5, -1], [-1, 2.5, -1],
                [-1, -1.5, 8], [-1.5, -1.5, 8], [-1.5, 2.5, 8], [-1, 2.5, 8]
            ],
            "edges": [
                [0,1], [1,2], [2,3], [3,0],
                [4,5], [5,6], [6,7], [7,4],
                [0,4], [1,5], [2,6], [3,7]
            ],
            "color": {
                "r": 0.5,
                "g": 0.5,
                "b": 0.5
            }
        },
        {
            "name": "Wall2",
            "points": [
                [1, -1.5, -1], [1.5, -1.5, -1], [1.5, 2.5, -1], [1, 2.5, -1],
                [1, -1.5, 8], [1.5, -1.5, 8], [1.5, 2.5, 8], [1, 2.5, 8]
            ],
            "edges": [
                [0,1], [1,2], [2,3], [3,0],
                [4,5], [5,6], [6,7], [7,4],
                [0,4], [1,5], [2,6], [3,7]
            ],
            "color": {
                "r": 0.5,
                "g": 0.5,
                "b": 0.5
            }
        },
        {
            "points": [
                [-2.0, -2.0, -2.0],
                [2.0, -2.0, -2.0],
                [2.0, 2.0, -2.0],
                [-2.0, 2.0, -2.0]
            ],
            "edges": [
                [0, 1],
                [1, 2],
                [2, 3],
                [3, 0]
            ],
            "color": {
                "r": 0.5,
                "g": 0.5,
                "b": 0.5
            }
        },
        {
            "name": "Cube",
            "points": [
              [6, 1, 13],
              [8, 1, 13],
              [8, 3, 13],
              [6, 3, 13],
              [6, 1, 16],
              [8, 1, 16],
              [8, 3, 16],
              [6, 3, 16]
            ],
            "edges": [
              [0, 1],
              [1, 2],
              [2, 3],
              [3, 0],
              [4, 5],
              [5, 6],
              [6, 7],
              [7, 4],
              [0, 4],
              [1, 5],
              [2, 6],
              [3, 7]
            ],
            "color": {
              "r": 0.3,
              "g": 0.6,
              "b": 0.6
            },
            "is_target": false
          },
          {
            "name": "Pyramid1",
            "points": [
              [3, -1, 10],
              [4, -1, 10],
              [4, 1, 10],
              [7, 1, 10],
              [4.5, 0, 12]
            ],
            "edges": [
              [0, 1],
              [1, 2],
              [2, 3],
              [3, 0],
              [0, 4],
              [1, 4],
              [2, 4],
              [3, 4]
            ],
            "color": {
              "r": 0.0,
              "g": 0.3,
              "b": 0.3
            }
          },
          {
            "name": "Pyramid2",
            "points": [
              [2, 4, 11],
              [3, 4, 11],
              [3, 6, 11],
              [6, 6, 11],
              [3.5, 5, 12]
            ],
            "edges": [
              [0, 1],
              [1, 2],
              [2, 3],
              [3, 0],
              [0, 4],
              [1, 4],
              [2, 4],
              [3, 4]
            ],
            "color": {
              "r": 0.2,
              "g": 0.9,
              "b": 0.6
            }
        },
            {
                "name": "Pyramid2",
                "points": [
                  [4, 5, 15],
                  [5, 5, 15],
                  [5, 7, 15],
                  [8, 7, 15],
                  [5.5, 6, 17]
                ],
                "edges": [
                  [0, 1],
                  [1, 2],
                  [2, 3],
                  [3, 0],
                  [0, 4],
                  [1, 4],
                  [2, 4],
                  [3, 4]
                ],
                "color": {"r": 0.3, "g": 0.1, "b": 0.6},
                "is_target": true
          }
    ],
    "enemies": [
            {
                "position": [20.0, 8.0, 8.0],
                "size": 0.25,
                "speed": 0.005
            },
            {
                "position": [0.0, 8.0, 0.0],
                "size": 0.25,
                "speed": 0.005
            },
            {
                "position": [-6.0, 0.0, 10.0],
                "size": 0.25,
                "speed": 0.005
            }
        ],
    "settings": {
        "pixels_per_unit": 100.0,
        "background_color": [30, 30, 30],
        "origin_color": [255, 0, 0],
        "user_color": [255, 192, 0],
        "default_shape_color": [100, 200, 255],
        "points_decrease_rate": 1.0,
        "points": 30000
    }
}